"['algorithm', 93, 51, 0.5483870967741935]"
"['api', 15, 12, 0.8]"
"['aws', 35, 108, 3.085714285714286]"
"['b2b software', 1, 0, 0]"
"['c+', 4, 0, 0]"
"['cs', 20, 20, 1.0]"
"['data science', 92, 0, 0]"
"['data structure', 6, 0, 0]"
"['data visualization', 140, 0, 0]"
"['database', 154, 148, 0.961038961038961]"
"['deep learning', 152, 0, 0]"
"['dimensionality reduction', 20, 0, 0]"
"['html', 103, 11, 0.10679611650485436]"
"['java', 103, 177, 1.7184466019417475]"
"['javascript', 63, 31, 0.49206349206349204]"
"['jquery', 5, 0, 0]"
"['k-means', 86, 0, 0]"
"['machine learning', 399, 0, 0]"
"['mongodb', 103, 29, 0.2815533980582524]"
"['dynamodb', 7, 2, 0.2857142857142857]"
"['cassandra', 52, 24, 0.46153846153846156]"
"['mapreduce', 131, 42, 0.32061068702290074]"
"['cluster', 216, 25, 0.11574074074074074]"
"['data mining', 70, 0, 0]"
"['etl', 180, 58, 0.32222222222222224]"
"['informatica', 49, 1, 0.02040816326530612]"
"['teradata', 127, 17, 0.13385826771653545]"
"['django', 12, 2, 0.16666666666666666]"
"['python', 796, 655, 0.8228643216080402]"
"['flask', 31, 3, 0.0967741935483871]"
"['pyspark', 149, 16, 0.10738255033557047]"
"['reporting tool', 11, 0, 0]"
"['svn', 6, 3, 0.5]"
"['system development', 1, 0, 0]"
"['xml', 21, 5, 0.23809523809523808]"
"['xslt', 1, 1, 1.0]"
"['test', 168, 165, 0.9821428571428571]"
"['business intelligence', 254, 0, 0]"
"['sql', 872, 441, 0.5057339449541285]"
"['natural language processing', 103, 0, 0]"
"['image classification', 1, 0, 0]"
"['visual studio', 30, 0, 0]"
"['c++', 101, 0, 0]"
"['hadoop', 415, 193, 0.4650602409638554]"
"['hdfs', 109, 14, 0.12844036697247707]"
"['hive', 155, 111, 0.7161290322580646]"
"['perl', 9, 32, 3.5555555555555554]"
"['matplotlib', 265, 22, 0.0830188679245283]"
"['vba', 31, 4, 0.12903225806451613]"
"['vbscript', 3, 0, 0]"
"['neural network', 69, 0, 0]"
"['matlab', 93, 111, 1.1935483870967742]"
"['qlikview', 15, 10, 0.6666666666666666]"
"['tableau', 227, 163, 0.7180616740088106]"
"['linux', 66, 45, 0.6818181818181818]"
"['unix', 40, 16, 0.4]"
"['eclipse', 9, 1, 0.1111111111111111]"
"['oozie', 21, 4, 0.19047619047619047]"
"['hbase', 115, 26, 0.22608695652173913]"
"['amazon web service', 28, 0, 0]"
"['apache spark', 40, 0, 0]"
"['pig', 52, 27, 0.5192307692307693]"
"['numpy', 270, 47, 0.17407407407407408]"
"['panda', 252, 3, 0.011904761904761904]"
"['tensorflow', 155, 129, 0.832258064516129]"
"['shiny', 26, 13, 0.5]"
"['c #', 34, 0, 0]"
"['git', 86, 35, 0.4069767441860465]"
"['verilog', 2, 0, 0]"
"['bash', 11, 11, 1.0]"
"['labview', 3, 0, 0]"
"['assembly', 3, 0, 0]"
"['data analysis', 87, 0, 0]"
"['data transformation', 2, 0, 0]"
"['pl/sql', 36, 0, 0]"
"['data analytics', 26, 0, 0]"
"['pro-c', 1, 0, 0]"
"['jira', 15, 10, 0.6666666666666666]"
"['customer support', 1, 0, 0]"
"['integration', 3, 79, 26.333333333333332]"
"['operation', 9, 25, 2.7777777777777777]"
"['process improvement', 2, 0, 0]"
"['mentor', 2, 18, 9.0]"
"['data management', 14, 0, 0]"
"['excel', 414, 78, 0.18840579710144928]"
"['monte carlo method', 1, 0, 0]"
"['computational optimization', 1, 0, 0]"
"['statistical learning', 1, 0, 0]"
"['mathematical modeling', 1, 0, 0]"
"['physical system model', 1, 0, 0]"
"['computational physic', 1, 0, 0]"
"['quantitative and mathematical finance', 1, 0, 0]"
"['visual basic for application ( excel vba )', 1, 0, 0]"
"['r programming language', 1, 0, 0]"
"['sa', 112, 2, 0.017857142857142856]"
"['molecular biology', 5, 0, 0]"
"['stochastic calculus', 1, 0, 0]"
"['google cloud platform', 5, 0, 0]"
"['oracle', 142, 43, 0.3028169014084507]"
"['sqoop', 37, 1, 0.02702702702702703]"
"['db2', 47, 0, 0]"
"['m access', 29, 0, 0]"
"['ggplot2', 55, 0, 0]"
"['m office', 192, 0, 0]"
"['access', 136, 139, 1.0220588235294117]"
"['data modeling', 24, 0, 0]"
"['m sql server', 39, 0, 0]"
"['mysql', 176, 31, 0.17613636363636365]"
"['bayesian', 39, 42, 1.0769230769230769]"
"['data architecture', 4, 0, 0]"
"['data profiling', 3, 0, 0]"
"['metadata', 2, 10, 5.0]"
"['data warehouse', 15, 0, 0]"
"['statistic', 57, 5, 0.08771929824561403]"
"['mathematics', 5, 415, 83.0]"
"['spark', 51, 174, 3.411764705882353]"
"['vhdl', 1, 0, 0]"
"['teststand', 1, 0, 0]"
"['r', 124, 548, 4.419354838709677]"
"['scala', 27, 88, 3.259259259259259]"
"['project management', 10, 0, 0]"
"['big data', 15, 0, 0]"
"['nlp', 89, 61, 0.6853932584269663]"
"['data visualisation', 1, 0, 0]"
"['impala', 25, 15, 0.6]"
"['jenkins', 11, 5, 0.45454545454545453]"
"['kera', 154, 0, 0]"
"['emr', 9, 13, 1.4444444444444444]"
"['naïve bayes', 32, 0, 0]"
"['random forest', 88, 0, 0]"
"['ssrs', 25, 4, 0.16]"
"['nosql', 46, 47, 1.0217391304347827]"
"['anova', 35, 4, 0.11428571428571428]"
"['hierarchical clustering', 21, 0, 0]"
"['powerpoint', 163, 19, 0.1165644171779141]"
"['microsoft office', 149, 0, 0]"
"['amazon elastic compute cloud', 2, 0, 0]"
"['boost', 52, 5, 0.09615384615384616]"
"['clustering .', 1, 0, 0]"
"['ec2', 15, 0, 0]"
"['ec', 1, 12, 12.0]"
"['git .', 1, 0, 0]"
"['jmp', 8, 7, 0.875]"
"['k near neighbor classification', 1, 0, 0]"
"['k-nn', 8, 0, 0]"
"['pca', 52, 11, 0.21153846153846154]"
"['principal component analysis', 32, 0, 0]"
"['regression analysis', 10, 0, 0]"
"['visualization', 65, 273, 4.2]"
"['sap', 27, 16, 0.5925925925925926]"
"['postgresql', 42, 17, 0.40476190476190477]"
"['sybase', 11, 0, 0]"
"['python 3.2/2.7 , hive , tableau , r , qlikview , mysql , ms sql server 2008/2012 , aws , s3 , ec2 , linux , jupyter notebook , rnn , ann , spark , hadoop .', 1, 0, 0]"
"['python , keras with tensorflow backend , opencv for image resizing . pytesseract , flask , mongodb , redis , rabbitmq , pyspark , dask , numpy , amazon web service ( aws ) emr cluster for spark , deep neural network , deep learning , nltk , glove , convolutional neural network ( cnn ) , computer vision , image recognition', 1, 0, 0]"
"['logistic regression', 75, 0, 0]"
"['kafka', 45, 17, 0.37777777777777777]"
"['map reduce', 12, 0, 0]"
"['zookeeper', 2, 0, 0]"
"['vsam', 1, 0, 0]"
"['linear regression', 54, 0, 0]"
"['selenium', 10, 5, 0.5]"
"['classification', 3, 113, 37.666666666666664]"
"['signal processing', 3, 0, 0]"
"['neural network ( convolustional & recurrent )', 1, 0, 0]"
"['github', 3, 21, 7.0]"
"['front-end', 3, 0, 0]"
"['software development', 8, 0, 0]"
"['decision tree', 59, 0, 0]"
"['c/c++', 17, 0, 0]"
"['docker', 35, 23, 0.6571428571428571]"
"['virtualization', 1, 5, 5.0]"
"['apache', 18, 34, 1.8888888888888888]"
"['microsoft sql server', 15, 0, 0]"
"['sql server', 93, 0, 0]"
"['visio', 60, 2, 0.03333333333333333]"
"['power bi', 59, 0, 0]"
"['erwin', 13, 0, 0]"
"['data cleanse', 3, 0, 0]"
"['perceptron', 2, 1, 0.5]"
"['q-learning', 1, 0, 0]"
"['sarsa', 1, 0, 0]"
"['svm', 62, 32, 0.5161290322580645]"
"['big data ( gps , cdr ) , r , python , pyspark , aws ( ec2 , s3 ) , linux , agent-based modeling , simulation , matsim , daysim', 1, 0, 0]"
"['mahout', 1, 8, 8.0]"
"['data analyst', 7, 0, 0]"
"['lda', 85, 1, 0.011764705882352941]"
"['unstructured data', 2, 0, 0]"
"['data visualization .', 1, 0, 0]"
"['microsoft access', 8, 0, 0]"
"['python .', 6, 0, 0]"
"['supervise learning', 20, 0, 0]"
"['visualization .', 1, 0, 0]"
"['m word', 4, 0, 0]"
"['word', 28, 43, 1.5357142857142858]"
"['laboratory', 10, 19, 1.9]"
"['time management', 6, 0, 0]"
"['documentation', 7, 65, 9.285714285714286]"
"['gmp', 23, 0, 0]"
"['cell culture', 28, 0, 0]"
"['hplc', 25, 0, 0]"
"['ssis', 4, 4, 1.0]"
"['spss', 31, 54, 1.7419354838709677]"
"['statistical analysis', 34, 0, 0]"
"['program development', 1, 0, 0]"
"['program evaluation', 1, 0, 0]"
"['client management', 1, 0, 0]"
"['client service', 1, 0, 0]"
"['vendor relation', 1, 0, 0]"
"['business analysis', 8, 0, 0]"
"['bilingual', 2, 0, 0]"
"['tidyverse', 1, 4, 4.0]"
"['predictive model', 1, 0, 0]"
"['hyperion', 1, 1, 1.0]"
"['spotfire', 10, 9, 0.9]"
"['problem solve', 12, 0, 0]"
"['bokeh', 1, 8, 8.0]"
"['heroku', 1, 0, 0]"
"['dask', 1, 3, 3.0]"
"['scikit learn', 2, 0, 0]"
"['pyod', 1, 0, 0]"
"['boto3', 1, 0, 0]"
"['beautifulsoup', 1, 1, 1.0]"
"['regression', 3, 173, 57.666666666666664]"
"['unsupervised learning', 1, 0, 0]"
"['knn', 1, 18, 18.0]"
"['outlier detection', 1, 0, 0]"
"['regularize regression', 1, 0, 0]"
"['cart', 1, 2, 2.0]"
"['naive_bayes', 1, 0, 0]"
"['xgboost', 3, 10, 3.3333333333333335]"
"['adaboost', 1, 1, 1.0]"
"['stochastic gradient boosting', 1, 0, 0]"
"['bagging', 1, 4, 4.0]"
"['optimization', 21, 223, 10.619047619047619]"
"['networkx', 1, 2, 2.0]"
"['anomaly detection', 7, 0, 0]"
"['amazon sagemaker', 1, 0, 0]"
"['uml', 5, 0, 0]"
"['flow cytometry', 5, 0, 0]"
"['qpcr', 2, 0, 0]"
"['sop', 2, 0, 0]"
"['biology', 16, 20, 1.25]"
"['immunology', 4, 0, 0]"
"['prism', 1, 0, 0]"
"['luminex', 1, 0, 0]"
"['protein expression', 1, 0, 0]"
"['cell base assay', 2, 0, 0]"
"['assay development', 2, 0, 0]"
"['immune base assay', 1, 0, 0]"
"['image analysis', 1, 0, 0]"
"['facs diva / flowjo', 1, 0, 0]"
"['elisa / msd / alpha lisa', 1, 0, 0]"
"['moa / target engagement', 1, 0, 0]"
"['primary cell', 1, 0, 0]"
"['cell isolation / mac separation', 1, 0, 0]"
"['microsoft word', 12, 0, 0]"
"['elisa', 23, 0, 0]"
"['artificial intelligence', 7, 0, 0]"
"['linux/unix', 2, 0, 0]"
"['devops', 4, 11, 2.75]"
"['prototyping', 2, 29, 14.5]"
"['solidworks', 4, 0, 0]"
"['rapid prototyping', 1, 0, 0]"
"['printing', 1, 2, 2.0]"
"['latent dirichlet allocation', 8, 0, 0]"
"['sentiment analysis', 17, 0, 0]"
"['tableau server', 6, 0, 0]"
"['informix', 2, 0, 0]"
"['m sql server 2008', 3, 0, 0]"
"['sql server 2008', 8, 0, 0]"
"['udb', 2, 0, 0]"
"['glp', 3, 0, 0]"
"['lims', 2, 0, 0]"
"['regulatory document', 1, 0, 0]"
"['iso', 2, 1, 0.5]"
"['report write', 1, 0, 0]"
"['photoshop', 7, 0, 0]"
"['illustrator', 3, 0, 0]"
"['technical report write', 1, 0, 0]"
"['formulation', 18, 7, 0.3888888888888889]"
"['chemistry', 29, 9, 0.3103448275862069]"
"['microsoft window', 2, 0, 0]"
"['solaris', 6, 0, 0]"
"['sun', 5, 2, 0.4]"
"['forecasting', 14, 105, 7.5]"
"['web data scrap', 1, 0, 0]"
"['jmp .', 1, 0, 0]"
"['python ( numpy , pandas , scikit-learn , matplotlib ) , r , sa , sql , spss , tableau , oracle business intelligent enterprise , rstudio , microsoft office excel ,', 1, 0, 0]"
"['linear regression , logistic regression , knn , decision tree , random forest , support vector machine , boost ( gradient boosting , adaboost , xgboost ) , neural network , unsupervised learning ( cluster , principal component analysis , factor analysis ) , complex linear model ( ridge/lasso regression ) , time series analysis ( arima , exponential smoothing , facebook prophet )', 1, 0, 0]"
"['apache hadoop oozie', 1, 0, 0]"
"['bi', 31, 74, 2.3870967741935485]"
"['crystal report', 4, 0, 0]"
"['informatica .', 3, 0, 0]"
"['marketing analysis', 9, 0, 0]"
"['unix .', 1, 0, 0]"
"['teradata , oracle , sql , bteq , unix , kinesis firehose , aws snowball , s3 transfer acceleration , teradata sql assistant , python , apache spark , sql workbench , hadoop , hive , oozie , sqoop , bi , dwh , birst , elastic load balancer , ami , a/b testing , informatica , birst , hdfs , flume , nlp , supervise , unsupervised , reinforcement , hbase , mongodb , nosql .', 2, 0, 0]"
"['cognos', 3, 4, 1.3333333333333333]"
"['olap', 8, 3, 0.375]"
"['scikit-learn', 8, 0, 0]"
"['algorithm design', 3, 0, 0]"
"['feature engineering', 1, 0, 0]"
"['deployment', 5, 67, 13.4]"
"['strategic planning', 6, 0, 0]"
"['text analytics', 2, 0, 0]"
"['association rule', 9, 0, 0]"
"['fortran', 6, 0, 0]"
"['fortran90', 1, 0, 0]"
"['aix', 1, 0, 0]"
"['shell program', 1, 0, 0]"
"['unix shell', 5, 0, 0]"
"['database administration', 1, 0, 0]"
"['store procedure', 1, 0, 0]"
"['database architecture', 1, 0, 0]"
"['architecture', 4, 71, 17.75]"
"['packaging', 1, 4, 4.0]"
"['metric', 5, 15, 3.0]"
"['performance tuning', 3, 0, 0]"
"['data extraction', 3, 0, 0]"
"['data conversion', 1, 0, 0]"
"['sql query', 2, 0, 0]"
"['od', 2, 0, 0]"
"['microsoft excel', 12, 0, 0]"
"['microsoft powerpoint', 3, 0, 0]"
"['fda', 1, 0, 0]"
"['clinical trial', 2, 0, 0]"
"['predictive modeling', 13, 0, 0]"
"['lisp', 2, 0, 0]"
"['script', 27, 5, 0.18518518518518517]"
"['system integration', 1, 0, 0]"
"['system architecture', 1, 0, 0]"
"['artificial neural network', 2, 0, 0]"
"['support vector machine', 41, 0, 0]"
"['ims db/dc', 1, 0, 0]"
"['marketing', 8, 196, 24.5]"
"['premier', 1, 22, 22.0]"
"['geographic information system', 2, 0, 0]"
"['arcgis', 10, 8, 0.8]"
"['qgis', 1, 1, 1.0]"
"['k-nearest neighbor', 6, 0, 0]"
"['natural', 106, 122, 1.150943396226415]"
"['object-oriented', 1, 0, 0]"
"['object-oriented programming', 2, 0, 0]"
"['dbms', 2, 0, 0]"
"['splunk', 9, 7, 0.7777777777777778]"
"['software engineering', 5, 0, 0]"
"['unix/linux', 2, 0, 0]"
"['m excel', 17, 0, 0]"
"['data management : sql , aws , google cloud', 1, 0, 0]"
"['microsoft office : excel , word', 1, 0, 0]"
"['program language/packages : python , panda , numpy , scikit-learn , nltk , spacy , html/css , beautifulsoup , selenium , flask , tensor ? ow , keras', 1, 0, 0]"
"['machine learning : regression , classification , clustering , natural language processing , neural network', 1, 0, 0]"
"['data visualization : tableau , seaborn , matplotlib', 1, 0, 0]"
"['environmental test', 1, 0, 0]"
"['product test', 1, 0, 0]"
"['method validation', 1, 0, 0]"
"['maintenance', 3, 47, 15.666666666666666]"
"['management', 3, 348, 116.0]"
"['data analysis skill', 4, 0, 0]"
"['data entry', 4, 0, 0]"
"['apache hadoop hdfs', 8, 0, 0]"
"['apache hadoop mapreduce', 6, 0, 0]"
"['serial attach scsi', 11, 0, 0]"
"['datastage', 2, 0, 0]"
"['predictive analytics', 12, 0, 0]"
"['lc/ms', 1, 0, 0]"
"['xrf', 1, 0, 0]"
"['sem', 1, 3, 3.0]"
"['forensic', 1, 1, 1.0]"
"['ftir', 2, 0, 0]"
"['mass spectrometry', 1, 0, 0]"
"['gc/ms', 1, 0, 0]"
"['laboratory experience', 1, 0, 0]"
"['cgmp', 4, 0, 0]"
"['telephone', 1, 8, 8.0]"
"['data cleaning', 9, 0, 0]"
"['microsoft office suite', 1, 0, 0]"
"['watson', 1, 7, 7.0]"
"['analyst', 1, 49, 49.0]"
"['necropsy', 1, 0, 0]"
"['aseptic technique', 5, 0, 0]"
"['safety', 1, 36, 36.0]"
"['pharmacovigilance', 3, 0, 0]"
"['customer service', 6, 0, 0]"
"['exchange', 2, 9, 4.5]"
"['network administration', 2, 0, 0]"
"['vmware', 2, 0, 0]"
"['itil', 1, 0, 0]"
"['vendor management', 1, 0, 0]"
"['it management', 1, 0, 0]"
"['voip', 1, 0, 0]"
"['disaster recovery', 1, 0, 0]"
"['cisco', 1, 3, 3.0]"
"['citrix', 2, 1, 0.5]"
"['active directory', 1, 0, 0]"
"['agile project management', 1, 0, 0]"
"['waterfall', 1, 3, 3.0]"
"['sdlc', 6, 4, 0.6666666666666666]"
"['saas', 1, 13, 13.0]"
"['project / program management', 1, 0, 0]"
"['ftp', 1, 0, 0]"
"['http', 1, 3, 3.0]"
"['quality assurance', 4, 0, 0]"
"['healthcare management', 1, 0, 0]"
"['b2b', 2, 0, 0]"
"['latex', 4, 0, 0]"
"['bacterial', 3, 1, 0.3333333333333333]"
"['electrophoresis', 6, 0, 0]"
"['gel electrophoresis', 3, 0, 0]"
"['pcr', 13, 0, 0]"
"['biochemistry', 7, 1, 0.14285714285714285]"
"['ng , str , lc/ms/ms , hplc , microarray , dna amplification , radioimmunoassay , r & d , method development and validation .', 1, 0, 0]"
"['database design', 5, 0, 0]"
"['snowflake schema', 5, 0, 0]"
"['star schema', 3, 0, 0]"
"['microsoft visual studio', 1, 0, 0]"
"['product development', 7, 0, 0]"
"['marketing research', 1, 0, 0]"
"['research', 14, 409, 29.214285714285715]"
"['model', 7, 252, 36.0]"
"['simulation', 2, 63, 31.5]"
"['protein purfication', 1, 0, 0]"
"['pipette technique', 1, 0, 0]"
"['bacterial cell culture', 1, 0, 0]"
"['protocol design', 1, 0, 0]"
"['liquid chromatography - his-tag column', 1, 0, 0]"
"['public speaking', 3, 0, 0]"
"['buffer preparation', 1, 0, 0]"
"['computer hardware', 1, 0, 0]"
"['managerial', 1, 5, 5.0]"
"['inventory', 1, 13, 13.0]"
"['troubleshoot', 3, 10, 3.3333333333333335]"
"['train & development', 1, 0, 0]"
"['tecan', 1, 0, 0]"
"['high performance compute', 4, 0, 0]"
"['storage management', 1, 0, 0]"
"['ibm watson', 1, 0, 0]"
"['eye track', 1, 0, 0]"
"['interview', 1, 23, 23.0]"
"['video analysis', 1, 0, 0]"
"['communication analysis', 1, 0, 0]"
"['user research', 1, 0, 0]"
"['healthcare', 1, 95, 95.0]"
"['information technology', 1, 0, 0]"
"['epic', 5, 2, 0.4]"
"['icd-10', 1, 0, 0]"
"['decision support system', 1, 0, 0]"
"['medical terminology', 3, 0, 0]"
"['big data analytics', 4, 0, 0]"
"['pmo', 1, 3, 3.0]"
"['couchbase', 1, 1, 1.0]"
"['hana', 5, 8, 1.6]"
"['sql server 2005', 3, 0, 0]"
"['microstrategy', 4, 9, 2.25]"
"['bootstrap', 10, 3, 0.3]"
"['orm', 1, 0, 0]"
"['ajax', 2, 0, 0]"
"['rest', 2, 23, 11.5]"
"['html5', 3, 0, 0]"
"['oop', 1, 0, 0]"
"['teach', 4, 12, 3.0]"
"['quantitative research', 1, 0, 0]"
"['production management', 1, 0, 0]"
"['solution selling', 1, 0, 0]"
"['product marketing', 1, 0, 0]"
"['market research', 3, 0, 0]"
"['business development', 3, 0, 0]"
"['management experience', 1, 0, 0]"
"['hts', 2, 0, 0]"
"['liquid handling', 1, 0, 0]"
"['sample preparation .', 1, 0, 0]"
"['extract , transform , and load', 8, 0, 0]"
"['linear discriminant analysis', 6, 0, 0]"
"['neural', 28, 118, 4.214285714285714]"
"['rally .', 1, 0, 0]"
"['genomics', 2, 11, 5.5]"
"['analytical chemistry', 3, 0, 0]"
"['sequence', 5, 3, 0.6]"
"['analyzer', 3, 1, 0.3333333333333333]"
"['quality control', 4, 0, 0]"
"['acrobat', 1, 0, 0]"
"['adobe acrobat', 1, 0, 0]"
"['cell and molecular biology and immunology : isolation of t cell , dendritic cell and macrophage cell from mouse spleen , mesenteric lymph node , intestine or colon , cell culture , total rna and dna isolation , rt-pcr and qpcr , purification of chromosome or plasmid dna , transformation , analysis of gene and protein sequence , molecular cloning , elisa and flow cytometry . dna preparation for sequence , molecular cloning , biochemistry : purification and identification of protein , and monoclonal or polyclonal antibody , electrophoresis ; gel transferring , western blotting . general histology : mouse tissue preparation and processing , embed , cut , and h & e staining , immunostaining with antibody conjugate fluorescence or enzyme , fluorescence and light microscopy , as well as figure preparation .', 1, 0, 0]"
"['groovy', 1, 0, 0]"
"['ruby', 53, 17, 0.32075471698113206]"
"['rail', 1, 11, 11.0]"
"['ruby on rail', 1, 0, 0]"
"['cryptography', 1, 0, 0]"
"['dynamic', 3, 120, 40.0]"
"['framework', 8, 40, 5.0]"
"['field work', 1, 0, 0]"
"['western blot', 2, 0, 0]"
"['microbiology', 5, 0, 0]"
"['tissue culture', 1, 0, 0]"
"['antibody production', 1, 0, 0]"
"['drug discovery', 3, 0, 0]"
"['in-vitro pharmacology', 1, 0, 0]"
"['histology', 1, 0, 0]"
"['image', 2, 34, 17.0]"
"['neurology', 1, 1, 1.0]"
"['quickbooks', 2, 0, 0]"
"['image software', 1, 0, 0]"
"['c', 15, 115, 7.666666666666667]"
"['finance', 2, 91, 45.5]"
"['pricing', 1, 55, 55.0]"
"['application development', 6, 0, 0]"
"['shell script', 10, 0, 0]"
"['gcp', 5, 11, 2.2]"
"['uv-vis', 2, 0, 0]"
"['trackwise', 2, 0, 0]"
"['workday', 1, 2, 2.0]"
"['documentum', 2, 0, 0]"
"['millennium', 1, 0, 0]"
"['excellent computer skill', 1, 0, 0]"
"['javascript : d3', 1, 0, 0]"
"['easylanguage ( tradestation )', 1, 0, 0]"
"['uc4', 1, 0, 0]"
"['data quality', 1, 0, 0]"
"['data governance', 1, 0, 0]"
"['m sharepoint', 3, 0, 0]"
"['sharepoint', 9, 2, 0.2222222222222222]"
"['software implementation', 1, 0, 0]"
"['governance', 1, 25, 25.0]"
"['restructuring', 1, 0, 0]"
"['workflow', 1, 22, 22.0]"
"['english', 2, 21, 10.5]"
"['ux', 5, 4, 0.8]"
"['computer vision', 5, 0, 0]"
"['kanban', 1, 0, 0]"
"['web service', 11, 0, 0]"
"['conditional random field', 1, 0, 0]"
"['awk', 1, 2, 2.0]"
"['sed', 1, 2, 2.0]"
"['security', 3, 112, 37.333333333333336]"
"['record management', 1, 0, 0]"
"['fema', 1, 0, 0]"
"['training', 3, 178, 59.333333333333336]"
"['incident management', 1, 0, 0]"
"['purification', 7, 0, 0]"
"['microbial culture', 1, 0, 0]"
"['mammalian cell culture', 2, 0, 0]"
"['clone', 4, 0, 0]"
"['fplc', 1, 0, 0]"
"['php', 10, 17, 1.7]"
"['linux ( ubuntu )', 1, 0, 0]"
"['window xp/vista/10', 1, 0, 0]"
"['gnu octave', 2, 0, 0]"
"['reactjs', 1, 0, 0]"
"['azure', 5, 56, 11.2]"
"['amazon dynamodb', 1, 0, 0]"
"['cm', 1, 1, 1.0]"
"['rdbms', 4, 6, 1.5]"
"['hedis', 1, 1, 1.0]"
"['mac', 4, 3, 0.75]"
"['mac o', 2, 0, 0]"
"['icd', 2, 0, 0]"
"['icd-9', 1, 0, 0]"
"['cpt', 2, 0, 0]"
"['product management', 4, 0, 0]"
"['financial planning', 1, 0, 0]"
"['budgeting', 5, 1, 0.2]"
"['financial modeling', 4, 0, 0]"
"['financial planning & analysis', 1, 0, 0]"
"['cash management', 1, 0, 0]"
"['lawson', 1, 0, 0]"
"['ph test', 1, 0, 0]"
"['western blotting', 3, 0, 0]"
"['pharmacokinetic', 2, 0, 0]"
"['dna', 7, 10, 1.4285714285714286]"
"['dna/rna', 1, 0, 0]"
"['dna/rna purification', 1, 0, 0]"
"['rna', 4, 0, 0]"
"['nmr', 1, 0, 0]"
"['instrumentation', 3, 5, 1.6666666666666667]"
"['mics', 1, 0, 0]"
"['data collection', 8, 0, 0]"
"['data mart', 2, 0, 0]"
"['data model', 3, 0, 0]"
"['data source', 6, 0, 0]"
"['datasets', 3, 215, 71.66666666666667]"
"['flume', 11, 0, 0]"
"['jboss', 4, 0, 0]"
"['postgressql', 1, 0, 0]"
"['seaborn', 3, 8, 2.6666666666666665]"
"['quantitative analysis', 2, 0, 0]"
"['ethnographic', 1, 0, 0]"
"['chief technology officer', 1, 0, 0]"
"['quantitative', 5, 394, 78.8]"
"['pipeline', 2, 41, 20.5]"
"['outlook', 7, 4, 0.5714285714285714]"
"['drug safety', 1, 0, 0]"
"['kinesis', 2, 4, 2.0]"
"['stream', 2, 4, 2.0]"
"['flash', 1, 0, 0]"
"['gui', 1, 1, 1.0]"
"['animation', 1, 0, 0]"
"['industrial engineering', 1, 0, 0]"
"['autocad', 2, 0, 0]"
"['simio', 1, 0, 0]"
"['logistics', 2, 21, 10.5]"
"['fmea', 1, 0, 0]"
"['mrp', 1, 0, 0]"
"['lean', 1, 15, 15.0]"
"['eda', 4, 5, 1.25]"
"['gi', 5, 0, 0]"
"['good communication', 1, 0, 0]"
"['experimental design', 3, 0, 0]"
"['problem-solving', 2, 0, 0]"
"['best practice', 1, 0, 0]"
"['data integrity', 2, 0, 0]"
"['parametric', 1, 4, 4.0]"
"['edw', 1, 1, 1.0]"
"['edm', 1, 2, 2.0]"
"['operation management', 2, 0, 0]"
"['cleanroom', 1, 1, 1.0]"
"['semiconductor', 1, 4, 4.0]"
"['communication', 3, 389, 129.66666666666666]"
"['type', 2, 43, 21.5]"
"['organizational skill', 4, 0, 0]"
"['deep analytical experience : 10 year of data process , analysis and model experience ; proficient in python , r , sql , pearl , linux , excel , azure data factory', 1, 0, 0]"
"['strong leadership : manage 2 team of 10+ phd for research on oil/gas upstream geo-science data predictive modeling project', 1, 0, 0]"
"['manage relationship with multiple internal/external client at manager level and provide think leadership on opportunity and solution on oil reserve prediction and drilling risk control business .', 1, 0, 0]"
"['document management', 2, 0, 0]"
"['azure-ml', 1, 0, 0]"
"['computational statisitcs', 1, 0, 0]"
"['cosmos', 1, 0, 0]"
"['database management', 6, 0, 0]"
"['dax', 1, 0, 0]"
"['exploratory data analysis', 2, 0, 0]"
"['kusto', 1, 0, 0]"
"['minitab', 7, 6, 0.8571428571428571]"
"['power-bi', 1, 0, 0]"
"['regression modelling', 1, 0, 0]"
"['scope', 1, 45, 45.0]"
"['google analytics', 4, 0, 0]"
"['google cloud product', 1, 0, 0]"
"['google bigquery', 1, 0, 0]"
"['analytics', 5, 578, 115.6]"
"['financial analysis', 4, 0, 0]"
"['manufacturing analysis', 1, 0, 0]"
"['hadoop distribute file system', 7, 0, 0]"
"['sql .', 1, 0, 0]"
"['machine learning ( python )', 1, 0, 0]"
"['sklearn', 1, 12, 12.0]"
"['enterprise architect', 1, 0, 0]"
"['opencv', 18, 4, 0.2222222222222222]"
"['scrap', 2, 0, 0]"
"['python , sql , matlab , r , perl , javascript , aws , git , multivariate regression , classification , ensemble technique , cluster , forecasting , natural language processing , recommendation system , power calculation , a/b testing , hypothesis testing , bayesian inference', 1, 0, 0]"
"['bert', 1, 0, 0]"
"['open source', 2, 0, 0]"
"['encoder', 1, 1, 1.0]"
"['web scrap', 10, 0, 0]"
"['apache cassandra', 6, 0, 0]"
"['apache hbase', 9, 0, 0]"
"['apache kafka', 5, 0, 0]"
"['asteradata', 6, 0, 0]"
"['cobol', 2, 0, 0]"
"['computer science', 13, 0, 0]"
"['dbscan', 13, 2, 0.15384615384615385]"
"['t-sne', 6, 0, 0]"
"['exstream', 1, 0, 0]"
"['opentext', 1, 1, 1.0]"
"['m project', 15, 0, 0]"
"['objective-c', 1, 0, 0]"
"['ionic', 2, 0, 0]"
"['non-negative matrix factorization', 1, 0, 0]"
"['m sql server 2005', 1, 0, 0]"
"['model view controller', 1, 0, 0]"
"['microsoft ssrs', 4, 0, 0]"
"['ssrs .', 1, 0, 0]"
"['access 2000 .', 1, 0, 0]"
"['apache hadoop sqoop', 1, 0, 0]"
"['loader', 2, 0, 0]"
"['m access 2000 .', 1, 0, 0]"
"['oracle form', 2, 0, 0]"
"['sql server .', 2, 0, 0]"
"['embed system', 2, 0, 0]"
"['raspberry pi', 2, 0, 0]"
"['embed programming', 1, 0, 0]"
"['image processing', 4, 0, 0]"
"['database development', 3, 0, 0]"
"['ab initio', 1, 0, 0]"
"['t-sql', 10, 0, 0]"
"['accounting', 4, 15, 3.75]"
"['financial reporting', 1, 0, 0]"
"['hpa ( sspa , twta , kpa )', 1, 0, 0]"
"['m & c software', 1, 0, 0]"
"['microsoft office suite , include access', 1, 0, 0]"
"['tmde ( spectrum analyzer , fireberd , multimeters )', 1, 0, 0]"
"['tdma , fdma', 1, 0, 0]"
"['.net', 8, 0, 0]"
"['hive .', 1, 0, 0]"
"['m visio', 1, 0, 0]"
"['version control', 5, 0, 0]"
"['crm', 6, 8, 1.3333333333333333]"
"['microsoft crm', 1, 0, 0]"
"['m powerpoint', 5, 0, 0]"
"['ssd', 1, 0, 0]"
"['risk management', 2, 0, 0]"
"['material science', 1, 0, 0]"
"['transmission', 1, 2, 2.0]"
"['sa ( statistical analysis system )', 1, 0, 0]"
"['batch file', 1, 0, 0]"
"['statistical programming', 1, 0, 0]"
"['rational', 4, 3, 0.75]"
"['clearcase', 1, 0, 0]"
"['microsoft visio', 1, 0, 0]"
"['prolog', 1, 0, 0]"
"['bioinformatics', 3, 25, 8.333333333333334]"
"['system analysis', 2, 0, 0]"
"['build management', 1, 0, 0]"
"['mapping', 3, 13, 4.333333333333333]"
"['requirement gather', 1, 0, 0]"
"['internet security', 1, 0, 0]"
"['monoclonal', 2, 0, 0]"
"['medium prep', 1, 0, 0]"
"['therapy', 2, 3, 1.5]"
"['distribute system', 1, 0, 0]"
"['identity management', 1, 0, 0]"
"['risk analysis', 1, 0, 0]"
"['tibco', 3, 1, 0.3333333333333333]"
"['microsoft dynamic', 1, 0, 0]"
"['dynamic crm', 1, 0, 0]"
"['microsoft dynamic crm', 1, 0, 0]"
"['visual studio .net', 2, 0, 0]"
"['object orient', 2, 0, 0]"
"['database system', 2, 0, 0]"
"['factor analysis', 17, 0, 0]"
"['team foundation server', 2, 0, 0]"
"['executive level', 1, 0, 0]"
"['presentation skill', 4, 0, 0]"
"['rapid miner', 3, 0, 0]"
"['postgres', 6, 10, 1.6666666666666667]"
"['modeling : machine learn algorithm ( classification , cluster , dimensionality reduction & feature discovery , ensemble model ) , general/generalized linear model , hypothesis testing , model selection & regularization , non-parametric analysis , structure equation modeling , survival analysis , text analysis , time series analysis', 1, 0, 0]"
"['analytical tool : r , python , sql , hive , sas , sas enterprise miner , tableau , rapidminer , weka , latex , lisrel', 1, 0, 0]"
"['d3.js', 70, 0, 0]"
"['solr', 4, 5, 1.25]"
"['apache solr', 1, 0, 0]"
"['marklogic', 2, 0, 0]"
"['powercenter', 1, 0, 0]"
"['pivot table', 6, 0, 0]"
"['computer model', 1, 0, 0]"
"['ceqa', 1, 0, 0]"
"['nepa', 1, 0, 0]"
"['robotic', 1, 4, 4.0]"
"['environmental analysis', 1, 0, 0]"
"['water compliance', 1, 0, 0]"
"['aseptic', 2, 0, 0]"
"['spectroscopy', 2, 0, 0]"
"['microbiological', 1, 0, 0]"
"['autoclave', 1, 0, 0]"
"['base sa , sa em , sa eg', 1, 0, 0]"
"['alteryx', 1, 14, 14.0]"
"['power pivot', 1, 0, 0]"
"['azure ml', 1, 0, 0]"
"['datarobot', 1, 0, 0]"
"['deep learning .', 1, 0, 0]"
"['apply machine learn', 1, 0, 0]"
"['multitasking', 2, 5, 2.5]"
"['amazon emr', 1, 0, 0]"
"['internet explorer', 1, 0, 0]"
"['safari', 1, 2, 2.0]"
"['collection', 3, 94, 31.333333333333332]"
"['biomedical', 1, 11, 11.0]"
"['window 10', 2, 0, 0]"
"['macos', 2, 3, 1.5]"
"['sql server 2012', 3, 0, 0]"
"['sqlite', 5, 1, 0.2]"
"['io', 1, 2, 2.0]"
"['ambari', 2, 1, 0.5]"
"['erp', 6, 3, 0.5]"
"['ui designer', 1, 0, 0]"
"['machine learning .', 3, 0, 0]"
"['object orient programming', 1, 0, 0]"
"['estimation', 1, 10, 10.0]"
"['statsmodels', 1, 2, 2.0]"
"['mechanical engineering', 1, 0, 0]"
"['optical character recognition', 2, 0, 0]"
"['hadoop mapreduce', 1, 0, 0]"
"['markov', 4, 9, 2.25]"
"['bayesian network', 1, 0, 0]"
"['immunohistochemistry', 2, 0, 0]"
"['immunofluorescence', 2, 0, 0]"
"['microscopy', 2, 1, 0.5]"
"['business case', 1, 0, 0]"
"['business case development', 1, 0, 0]"
"['segmentation', 4, 50, 12.5]"
"['python , r', 1, 0, 0]"
"['sql , mongodb', 1, 0, 0]"
"['data manipulation', 3, 0, 0]"
"['prophet', 2, 0, 0]"
"['cache', 1, 0, 0]"
"['time-series', 3, 0, 0]"
"['microsoft sql server 2008', 1, 0, 0]"
"['oracle 10g', 4, 0, 0]"
"['microsoft sql server analysis service', 1, 0, 0]"
"['sql server analysis service', 1, 0, 0]"
"['ms visual studio', 1, 0, 0]"
"['analysis service', 1, 0, 0]"
"['cell biology', 2, 0, 0]"
"['no-sql', 1, 0, 0]"
"['proposal development', 1, 0, 0]"
"['human factor', 1, 0, 0]"
"['ecommerce', 1, 42, 42.0]"
"['retail', 2, 55, 27.5]"
"['couchdb', 1, 0, 0]"
"['application server', 1, 0, 0]"
"['cucumber', 1, 0, 0]"
"['parse', 1, 1, 1.0]"
"['copy write', 1, 0, 0]"
"['omniture', 1, 0, 0]"
"['domo', 1, 7, 7.0]"
"['redshift', 2, 37, 18.5]"
"['databricks', 1, 5, 5.0]"
"['sample', 1, 11, 11.0]"
"['statistical classification', 1, 0, 0]"
"['regression modeling', 1, 0, 0]"
"['json', 7, 7, 1.0]"
"['data validation', 1, 0, 0]"
"['data scientist', 1, 0, 0]"
"['data reporting', 1, 0, 0]"
"['ehr', 2, 5, 2.5]"
"['cerner', 3, 1, 0.3333333333333333]"
"['mckesson', 1, 0, 0]"
"['meditech', 1, 0, 0]"
"['pytorch', 3, 46, 15.333333333333334]"
"['natural language processing ( nlp )', 1, 0, 0]"
"['spacy', 1, 7, 7.0]"
"['stata', 3, 23, 7.666666666666667]"
"['fast learner', 1, 0, 0]"
"['problem solver', 2, 0, 0]"
"['team player', 4, 0, 0]"
"['office skill', 1, 0, 0]"
"['pyt', 1, 0, 0]"
"['chromatography', 4, 0, 0]"
"['gas chromatography', 1, 0, 0]"
"['liquid chromatography', 1, 0, 0]"
"['spectrometry', 1, 0, 0]"
"['spectrophotometer', 2, 0, 0]"
"['project planning', 2, 0, 0]"
"['microsoft project', 3, 0, 0]"
"['supply chain management', 1, 0, 0]"
"['reliability analysis', 1, 0, 0]"
"['maintenance planning', 1, 0, 0]"
"['icp/ms , hplc , gc , microsoft office , spanish', 1, 0, 0]"
"['dissolution', 3, 0, 0]"
"['dissolution test', 2, 0, 0]"
"['viscosity', 2, 0, 0]"
"['dsc', 1, 0, 0]"
"['solid dosage', 1, 0, 0]"
"['ind', 1, 1, 1.0]"
"['cmc', 1, 0, 0]"
"['preformulation', 2, 0, 0]"
"['formulation development', 1, 0, 0]"
"['python + panda + numpy/scipy', 1, 0, 0]"
"['r - caret , mouse for ml and data manipulation', 1, 0, 0]"
"['dnn kera ( tensorflow , theano as a backend )', 1, 0, 0]"
"['jupyter for quick prototyping', 1, 0, 0]"
"['comsol', 1, 0, 0]"
"['snowflake', 1, 5, 5.0]"
"['powerbi', 2, 18, 9.0]"
"['spc', 1, 2, 2.0]"
"['team building', 1, 0, 0]"
"['team development', 1, 0, 0]"
"['ddl', 1, 0, 0]"
"['regex', 3, 1, 0.3333333333333333]"
"['ood', 2, 0, 0]"
"['hive/sql', 1, 0, 0]"
"['lucene', 2, 2, 1.0]"
"['time series analysis', 1, 0, 0]"
"['teach experience', 1, 0, 0]"
"['communication , multitasking , prioritize , organization , adaptability , interpersonal skill , flexibilty , problem-solving abilitie', 1, 0, 0]"
"['android studio', 2, 0, 0]"
"['selenium webdriver', 1, 0, 0]"
"['android', 3, 6, 2.0]"
"['oraclesql', 1, 0, 0]"
"['mssql', 1, 2, 2.0]"
"['business intelligence tool : microstrategy , business object , power bi , tableau , crystal report and crystal xcelsius .', 1, 0, 0]"
"['etl tool : informatica 8x , bo data service and dts', 1, 0, 0]"
"['machine learn algorithm : linear regression , logistic regression , decision tree , svm and time series analysis', 1, 0, 0]"
"['rdbms : oracle , sql server and netezza .', 1, 0, 0]"
"['tool : sql * loader , toad 7.1 , erwin 3.5.2 , sql developer .', 1, 0, 0]"
"['language & package sql , pl/sql , r , python ( pandas , numpy , matplotlib , seaborn , ggplot2 and scikit-learn )', 1, 0, 0]"
"['bigdata big data hadoop and hive .', 1, 0, 0]"
"['operate system : window , linux and unix .', 1, 0, 0]"
"['tdm', 1, 0, 0]"
"['pathology', 1, 3, 3.0]"
"['statistical modeling', 7, 0, 0]"
"['exploration', 1, 41, 41.0]"
"['hematology', 1, 0, 0]"
"['phlebotomy', 1, 0, 0]"
"['blood bank', 1, 0, 0]"
"['feature learn', 1, 0, 0]"
"['edi', 1, 0, 0]"
"['search engine', 1, 0, 0]"
"['use case', 2, 0, 0]"
"['search engine optimization', 1, 0, 0]"
"['hpc .', 1, 0, 0]"
"['neuroscience', 2, 6, 3.0]"
"['forex trading', 1, 0, 0]"
"['account management', 1, 0, 0]"
"['parallel and cloud computation', 1, 0, 0]"
"['fixed income', 1, 0, 0]"
"['angularjs', 2, 1, 0.5]"
"['data integration', 3, 0, 0]"
"['visual basic', 4, 0, 0]"
"['html 5', 1, 0, 0]"
"['manifold gi', 1, 0, 0]"
"['qa', 1, 13, 13.0]"
"['fishery', 1, 0, 0]"
"['water quality', 1, 0, 0]"
"['knowledge on database : relational database , relational design theory , sql . knowledge on machine learning : linear regression , logistic regression , ridge regression and lasso , linear discriminant analysis , k-nearest neighbor , support vector machine , principal component analysis , k-means clustering , anomaly detection , decision tree , bagging , random forest , boost , etc . knowledge on deep learning : convolutional neural network ( cnn ) , recurrent neural network ( rnn ) , long short-term memory ( lstm ) , residual neural network ( resnet ) , etc . ? knowledge on massive datasets mining : mapreduce , recommender system , dimensionality reduction , etc . software : python , r , tensorflow , caffe , azure ml , mysql , matlab , html , git , microsoft office suite .', 1, 0, 0]"
"['abaqus', 1, 0, 0]"
"['finite element analysis', 1, 0, 0]"
"['artificial lift failure analysis', 1, 0, 0]"
"['advance sql', 1, 0, 0]"
"['production engineering', 1, 0, 0]"
"['xspoc', 1, 0, 0]"
"['openwells', 1, 0, 0]"
"['agile', 2, 106, 53.0]"
"['cloud compute', 2, 0, 0]"
"['hibernate', 1, 1, 1.0]"
"['spring', 2, 3, 1.5]"
"['strut', 1, 0, 0]"
"['ant', 1, 0, 0]"
"['maven', 1, 2, 2.0]"
"['node.js', 5, 0, 0]"
"['bayesian statistic', 6, 0, 0]"
"['time series', 1, 0, 0]"
"['application software', 1, 0, 0]"
"['spss modeler', 1, 0, 0]"
"['economic forecasting', 1, 0, 0]"
"['econometrics', 2, 51, 25.5]"
"['project coordination', 1, 0, 0]"
"['policy development', 1, 0, 0]"
"['nielsen', 1, 3, 3.0]"
"['birst', 1, 0, 0]"
"['gooddata', 1, 2, 2.0]"
"['klipfolio', 1, 0, 0]"
"['pentaho', 2, 2, 1.0]"
"['neo4j', 1, 0, 0]"
"['npd', 2, 1, 0.5]"
"['sap business object', 1, 0, 0]"
"['salesforce.com', 2, 0, 0]"
"['salesforce , sterling , microsoft word , acer , internet explorer , dual monitor ( 3 ) , knowledge , powerpoint , outlook , multi-line ibm phone system , soft phone , axion , ieb-nice , data entry , inbound/outbound call , base 24 system , fax/emails , excel spreadsheet , medical document , and encryption for security purpose . quality assurance .', 1, 0, 0]"
"['salesforce , sterling , microsoft word , acer , idual monitor ( 3 ) , knowledge , powerpoint , outlook , multi-line ibm phone system , soft phone , axion , ieb-nice , data entry , inbound/outbound call , base 24 system , fax/emails , excel spreadsheet , medical document , and encryption for security purpose . quality assurance .', 1, 0, 0]"
"['law enforcement', 1, 0, 0]"
"['schedule', 1, 21, 21.0]"
"['filing', 1, 4, 4.0]"
"['receptionist', 1, 1, 1.0]"
"['cpr', 1, 0, 0]"
"['basic math', 1, 0, 0]"
"['google suite', 1, 0, 0]"
"['contract', 1, 29, 29.0]"
"['legal research', 1, 0, 0]"
"['program', 3, 113, 37.666666666666664]"
"['pmp', 1, 1, 1.0]"
"['employee training', 1, 0, 0]"
"['sale', 3, 4, 1.3333333333333333]"
"['financial management', 1, 0, 0]"
"['web analytics', 1, 0, 0]"
"['airflow', 2, 3, 1.5]"
"['python scientific stack', 1, 0, 0]"
"['cobit', 1, 0, 0]"
"['macro', 1, 4, 4.0]"
"['environmental engineering', 1, 0, 0]"
"['compaction', 1, 0, 0]"
"['industrial chemical', 1, 0, 0]"
"['process design', 1, 0, 0]"
"['blending', 1, 4, 4.0]"
"['mathcad', 1, 0, 0]"
"['machine learning and deep learning', 1, 0, 0]"
"['programming and data science skill • advanced : python , perl , fortran , mathematica , and matlab • intermediate : c++ , shell scripting , java , sql , spark , hadoop , mapreduce , and tableau • basic : r , hive , pig , impala , and scala • numerical algorithm , optimization , statistical modeling and analysis , data visualization , data mining , sql query , and high-performance computing • machine learning : supervise and unsupervised machine learning , deep learning , and natural language processing • python tool : panda , recommender system , regression , scikit-learn , scipy , jupyter notebook , folium , matplotlib , numpy , seaborn , db2 , database , sql , open source tool for data science ( jupter , rstudio , watson studio , zeppelin ) • cloud computing : aws , cloudera , databricks , microsoft azure , and ibm bluemix', 1, 0, 0]"
"['hadoop hdfs', 1, 0, 0]"
"['• expertise in sql , statistical analysis package ( sas eg , sa eminer , python ) , tableau , palisade decision tool , oracle , sybase , sql server , teradata , unix , microsoft office suite , javascript , oracle/hyperion interactive reporting , toad , aqt • certify on the analytics edge course use r offer by mitx • sa certify base programmer for sa 9', 1, 0, 0]"
"['customer relationship management', 1, 0, 0]"
"['decision support', 1, 0, 0]"
"['project design', 1, 0, 0]"
"['remote sense', 2, 0, 0]"
"['relational database', 2, 0, 0]"
"['supervise experience', 1, 0, 0]"
"['laboratory information management system', 1, 0, 0]"
"['ssa', 2, 1, 0.5]"
"['team management', 2, 0, 0]"
"['fmea , six sigma', 1, 0, 0]"
"['multivariate and logistic regression , naïve bayes , decision tree', 1, 0, 0]"
"['information visualization', 1, 0, 0]"
"['panda , numpy , scipy', 1, 0, 0]"
"['python , r , spss , sql , mapreduce , arcgis , tableau', 1, 0, 0]"
"['detector development', 1, 0, 0]"
"['data acquisition', 1, 0, 0]"
"['c/c++ , mathcad , matlab , java , python', 1, 0, 0]"
"['control program', 1, 0, 0]"
"['accelerator physic', 1, 0, 0]"
"['smart grid', 1, 0, 0]"
"['telematics', 2, 6, 3.0]"
"['? analysis tool : sa , r , python , machine learning , deep learning , tensor flow , matlab , splunk , sap business object , crystal report , web analytics , google analytics , elastic search , logstash and kibana , advance analytics library such as numpy , sci-kit learn and pandas ? visualization tool : tableau , power bi , qlikview ? programming/database : java , c , c++ , mysql , html , cs , javascript , neo4j graphical db , cypher , nosql , mongodb , json ? big data : hadoop ecosystem apache , mapreduce , spark , hive , pig , yarn ? cloud : aws ec2 , aws s3 , aws lambda , dynamodb , amazon emr ? software/tools : oracle erp , ibm - maximo , amazon aws , ibs - avient crew track system , agile project management-rally , jupyter notebook , m -visio , advance excel , spreadsheet modeling ? certification : ? master in innovation management level 2- global innovation management institute , massachusetts , u.s.a ? sas certification in business intelligence and data mining ? machine learn from stanford university ? matlab and deep learning certification from mathworks ? google analytics individual qualification and google adwords certify ? embedded system design engineer with a grade from accel academy - a division of accel north america', 1, 0, 0]"
"['xcode', 2, 0, 0]"
"['uv', 1, 0, 0]"
"['gcms', 1, 0, 0]"
"['icpms', 1, 0, 0]"
"['wet chemistry', 2, 0, 0]"
"['gc', 2, 0, 0]"
"['association rule learn', 1, 0, 0]"
"['autoencoders', 2, 2, 1.0]"
"['idl', 1, 0, 0]"
"['• strong knowledge in reservoir engineering analysis , reserve report preparation and reservoir engineering software such as eclipse , cmg , fracpro , fekete ( ihs well test ) and fracpredictor • strong knowledge in 3d visualization geological software such as petrel • strong knowledge in geophysical software such as rokdoc • excellent write , communication and verbal skill ( english and arabic ) • excellent leadership skill • excellent problem solving and analytical skill • professional in microsoft office ( word , excel , powerpoint ) • strong program skill use python , c++ , and sql', 1, 0, 0]"
"['unreal engine 4', 1, 0, 0]"
"['calibration', 2, 2, 1.0]"
"['gmp process', 1, 0, 0]"
"['ir', 1, 1, 1.0]"
"['analytical testing', 1, 0, 0]"
"['vitro', 2, 0, 0]"
"['uv/vis', 1, 0, 0]"
"['icp', 1, 0, 0]"
"['statistical process control', 1, 0, 0]"
"['informatic a', 1, 0, 0]"
"['microsoft sql server 2005', 1, 0, 0]"
"['bpi', 1, 0, 0]"
"['forecast', 1, 30, 30.0]"
"['sql server 2000', 1, 0, 0]"
"['icd 9', 1, 0, 0]"
"['spark 2.0.2 , mlbase , pyspark , aws , agile , sa , jira , od , mapreduce , regression , logistic regression , random forest , neural network , avro , sa , nltk , xml , mllib , git & json .', 1, 0, 0]"
"['r programming', 4, 0, 0]"
"['multiplex flow cytometry', 1, 0, 0]"
"['multiplex cytokine analysis', 1, 0, 0]"
"['reporter assay', 1, 0, 0]"
"['cnn', 2, 10, 5.0]"
"['rnn', 2, 8, 4.0]"
"['fast.ai', 1, 0, 0]"
"['visual basic for application', 1, 0, 0]"
"['avro', 1, 0, 0]"
"['fact', 1, 14, 14.0]"
"['fact erp', 1, 0, 0]"
"['life cycle .', 1, 0, 0]"
"['ug', 1, 0, 0]"
"['write skill', 1, 0, 0]"
"['amazon redshift', 1, 0, 0]"
"['aws ( sagemaker , s3 , redshift )', 1, 0, 0]"
"['dtd', 2, 0, 0]"
"['gradle', 1, 0, 0]"
"['geospatial software', 1, 0, 0]"
"['data base', 1, 0, 0]"
"['hbase .', 1, 0, 0]"
"['bi tool : tableau desktop v8.2/9.0 , tableau server v8.2/v9.0.3 , cognos report studio 10.1.1 , cognos query studio , cognos framework manager , modelling tool : cognos framework manager and database : sql server 2008r2,2012 .', 1, 0, 0]"
"['reinforcement learning', 1, 0, 0]"
"['value analysis', 6, 0, 0]"
"['premiere', 2, 2, 1.0]"
"['adobe photoshop', 3, 0, 0]"
"['helpdesk', 1, 4, 4.0]"
"['antibody', 4, 0, 0]"
"['in vitro', 1, 0, 0]"
"['cytotoxicity', 1, 0, 0]"
"['gene expression', 2, 0, 0]"
"['transgenic', 1, 0, 0]"
"['in vivo', 1, 0, 0]"
"['biomarker', 2, 1, 0.5]"
"['clinical oncology', 1, 0, 0]"
"['precision medicine', 1, 0, 0]"
"['scientific communication', 1, 0, 0]"
"['ligand bind assay , immunoassay , protein conjugation and purification , in silico calculation , sar and confirmation analysis', 1, 0, 0]"
"['data engineering', 2, 0, 0]"
"['spark ml', 1, 0, 0]"
"['bi .', 1, 0, 0]"
"['hadoop .', 3, 0, 0]"
"['power bi .', 1, 0, 0]"
"['amazon s3', 1, 0, 0]"
"['in vivo animal model', 1, 0, 0]"
"['oncology', 1, 7, 7.0]"
"['pharmacokinetics', 1, 0, 0]"
"['linear programming', 1, 0, 0]"
"['redcap', 1, 2, 2.0]"
"['clinical informatics', 1, 0, 0]"
"['statistical analysis ( linear and logistic regression , chaid , cluster analysis , lifetime value , principal component analysis , survey sampling and design ) , spss , sql ( transact sql ) , ms office suite , tableau', 1, 0, 0]"
"['direct mail', 1, 0, 0]"
"['advertising', 2, 33, 16.5]"
"['b2c', 1, 0, 0]"
"['digital marketing', 2, 0, 0]"
"['trade show', 1, 0, 0]"
"['digital medium', 1, 0, 0]"
"['brand management', 1, 0, 0]"
"['branding', 1, 1, 1.0]"
"['medium planning', 1, 0, 0]"
"['audience segmentation', 1, 0, 0]"
"['broadcast production', 1, 0, 0]"
"['relationship management', 1, 0, 0]"
"['budget management', 1, 0, 0]"
"['budget', 1, 18, 18.0]"
"['account receivable', 1, 0, 0]"
"['zuora', 1, 0, 0]"
"['netsuite', 1, 1, 1.0]"
"['account payable', 1, 0, 0]"
"['purchasing', 1, 6, 6.0]"
"['account reconciliation', 2, 0, 0]"
"['bookkeeping', 1, 0, 0]"
"['payroll', 1, 1, 1.0]"
"['adaptive insight', 1, 0, 0]"
"['general ledger', 1, 0, 0]"
"['python , linux , sql , r , sa , aws , tableau , spark', 1, 0, 0]"
"['virology', 1, 0, 0]"
"['life science', 1, 0, 0]"
"['scientific writing', 1, 0, 0]"
"['design pattern', 1, 0, 0]"
"['angular.js', 2, 0, 0]"
"['vivo', 1, 0, 0]"
"['cell line', 1, 0, 0]"
"['biochemical', 1, 0, 0]"
"['cod', 5, 0, 0]"
"['aml', 1, 2, 2.0]"
"['award', 1, 9, 9.0]"
"['progress', 1, 48, 48.0]"
"['rna extraction', 1, 0, 0]"
"['stain', 2, 0, 0]"
"['load runner', 1, 0, 0]"
"['ab test', 1, 0, 0]"
"['log', 1, 6, 6.0]"
"['hp-ux', 2, 0, 0]"
"['it plan analysis', 1, 0, 0]"
"['palisade tool', 1, 0, 0]"
"['a/b test', 4, 0, 0]"
"['bioanalytical', 1, 0, 0]"
"['protein purification', 1, 0, 0]"
"['ion', 1, 1, 1.0]"
"['lyophilization', 1, 0, 0]"
"['microsoft sharepoint', 1, 0, 0]"
"['peoplesoft', 2, 0, 0]"
"['language : english , mandarin', 1, 0, 0]"
"['adobe indesign', 1, 0, 0]"
"['adobe illustrator', 3, 0, 0]"
"['filemaker pro', 1, 0, 0]"
"['microsoft office ( word , excel )', 1, 0, 0]"
"['erwin r9.1 , sql server 2008 , business object xi , m excel 2010 , informatica , rational rise , oracle 10g , sa , sql , pl/sql , ssrs , ssis , t-sql , netezza , tableau , xml , ddl , toad for data analysis , teradata sql assistant .', 2, 0, 0]"
"['python 3.2/2.7 , hive , oozie , tableau , informatica 9.0 , html5 , cs , xml , mysql , ms sql server 2008/2012 , javascript , aws , s3 , ec2 , linux , jupyter notebook , rnn , ann , spark , hadoop', 1, 0, 0]"
"['unit test', 1, 0, 0]"
"['telecom', 1, 1, 1.0]"
"['test case', 1, 0, 0]"
"['jdbc', 2, 2, 1.0]"
"['r , salesforce , sql , html , cs , google suite , m word , excel , access , powerpoint , prezi , access , excel , tableau , illustrator , photoshop , nvivo , limesurvey , survey monkey , arcgis , spss , sa , & stata', 1, 0, 0]"
"['access 2010', 1, 0, 0]"
"['m access 2010', 1, 0, 0]"
"['actuarial', 1, 9, 9.0]"
"['e-commerce', 1, 0, 0]"
"['recommender system', 1, 0, 0]"
"['business intelligence .', 1, 0, 0]"
"['python 3x , cloudera , hadoop , apache spark , hive , numpy , nltk , pandas , scipy , map reduce , tableau , sqoop , hbase , oozie , hdfs , pyspark , nosql , tableau , dynamodb , mongo db , teradata , sql server , aws redshift .', 2, 0, 0]"
"['system analyst', 1, 0, 0]"
"['dashboard', 1, 13, 13.0]"
"['ledger', 2, 0, 0]"
"['ticket system : salesforce cloud , zendesk , samage', 1, 0, 0]"
"['hdfs .', 1, 0, 0]"
"['od .', 1, 0, 0]"
"['operational data store', 1, 0, 0]"
"['window 8 , sa v9.4 , sas/eg , python , sas/base , sas/access , sas/macro , sas/sql , sas/graph , sas/stat , sas/connect , ms sql server , oracle , teradata , ms-excel , tableau 8.2 , qlikview 9.0 sr2', 1, 0, 0]"
"['database management system', 2, 0, 0]"
"['ims', 1, 1, 1.0]"
"['python , machine learning algorithm , time series model , mysql , hadoop mapreduce , tableau , sap lumira , r programming , db2 , window , linux , ggplot , apache spark , qlikview .', 1, 0, 0]"
"['sas visual analytics', 2, 0, 0]"
"['weka', 1, 14, 14.0]"
"['web development', 1, 0, 0]"
"['technical writing', 1, 0, 0]"
"['requirement management', 1, 0, 0]"
"['data analysis .', 1, 0, 0]"
"['oauth', 1, 0, 0]"
"['neural net', 1, 0, 0]"
"['elasticsearch', 5, 8, 1.6]"
"['gnu', 1, 0, 0]"
"['ibm cognos', 1, 0, 0]"
"['sas e-miner', 1, 0, 0]"
"['data analysis - [ r ( data mining ) , python ( machine learning , webscraping ) , sas ( statistical modelling ) , spss , hadoop mapreduce , spark , scala ]', 1, 0, 0]"
"['m office suit - [ word , excel ]', 1, 0, 0]"
"['data visualization - [ tableau , html , cs , javascript , d3 ]', 1, 0, 0]"
"['other tool - [ matlab , c , c++ , java ]', 1, 0, 0]"
"['engineering analysis', 1, 0, 0]"
"['product design', 1, 0, 0]"
"['strategic partnership', 1, 0, 0]"
"['market analysis', 1, 0, 0]"
"['tableau desktop', 1, 0, 0]"
"['rational rise', 2, 0, 0]"
"['swift', 1, 0, 0]"
"['ansys', 1, 0, 0]"
"['titration', 1, 0, 0]"
"['viscometer', 1, 0, 0]"
"['laboratory equipment', 1, 0, 0]"
"['exhaust', 1, 0, 0]"
"['nexus', 1, 6, 6.0]"
"['r-project', 1, 0, 0]"
"['cloud storage', 1, 0, 0]"
"['da', 1, 1, 1.0]"
"['clariion', 1, 0, 0]"
"['emc dmx', 1, 0, 0]"
"['dmx', 1, 0, 0]"
"['emc srdf', 1, 0, 0]"
"['srdf', 1, 0, 0]"
"['emc vmax', 1, 0, 0]"
"['vmax', 1, 0, 0]"
"['vnx', 1, 0, 0]"
"['xiv', 1, 0, 0]"
"['enterprise storage', 1, 0, 0]"
"['enterprise storage array', 1, 0, 0]"
"['hp eva', 1, 0, 0]"
"['eva', 1, 0, 0]"
"['ibm flash copy', 1, 0, 0]"
"['flash copy', 1, 0, 0]"
"['svc', 1, 1, 1.0]"
"['bigquery', 2, 14, 7.0]"
"['r ( dplyr , ggplot2 , shiny , plotly )', 1, 0, 0]"
"['python ( numpy , scipy , pandas , scikit-learn , matplotlib , nltk , opencv , beautiful soup , python ide ) , pyspark , java', 1, 0, 0]"
"['classification , regression ( linear , logistic ) , cluster ( k-mean , hierarchical ) , neural net , rnn , cnn , lstm , random forest , knn , svm , glm , mlr , anomaly detection , recommender system', 1, 0, 0]"
"['rdbms ( microsoft sql server , oracle db ) , mysql', 1, 0, 0]"
"['? spark , hadoop/mapreduce , hive , impala , scala , pig , kafka', 1, 0, 0]"
"['? spss , sa , python , r , ggplot2 , dplyr , cart , scipy , sklearn', 1, 0, 0]"
"['? amazon web service ( aws-ec2 , redshift , emr ) , google analytics', 1, 0, 0]"
"['? spotfire , tableau , power bi and shiny', 1, 0, 0]"
"['? pycharm , eclipse , netbeans , intellij ? window , unix', 1, 0, 0]"
"['big administrative dataset', 1, 0, 0]"
"['claim data', 1, 0, 0]"
"['ehr data', 1, 0, 0]"
"['asp', 1, 0, 0]"
"['ii', 1, 10, 10.0]"
"['asp.net', 1, 0, 0]"
"['mvc', 1, 0, 0]"
"['hippa', 1, 0, 0]"
"['recruitment', 1, 34, 34.0]"
"['gpr', 1, 0, 0]"
"['publishing', 1, 11, 11.0]"
"['change management .', 1, 0, 0]"
"['jms', 1, 0, 0]"
"['data warehouse .', 1, 0, 0]"
"['oltp', 1, 3, 3.0]"
"['online analytical processing', 1, 0, 0]"
"['geographical information system', 1, 0, 0]"
"['digital image', 1, 0, 0]"
"['erwin r9.1 , sql server 2008 , business object xi , m excel 2010 , informatica , rational rise , oracle 10g , sa , sql , pl/sql , ssrs , ssis , t-sql , netezza , tableau , xml , ddl , toad for data analysis , teradata sql assistant', 1, 0, 0]"
"['cfd', 1, 0, 0]"
"['fea', 1, 0, 0]"
"['cad', 1, 0, 0]"
"['cad modeling', 1, 0, 0]"
"['etl ( extract transform load )', 2, 0, 0]"
"['machine learning , er studio 9.7 , tableau 9.03 , aws , teradata 15 , mdm , git , unix , python 3.5.2 , , mllib , sa , regression , logistic regression , hadoop , nosql , teradata , oltp , random forest , olap , hdfs , od , nltk , svm , json , xml , mapreduce', 1, 0, 0]"
"['database modeling', 1, 0, 0]"
"['crf', 1, 0, 0]"
"['hmm', 1, 1, 1.0]"
"['independent component analysis', 1, 0, 0]"
"['jupyter', 1, 34, 34.0]"
"['markdown', 1, 2, 2.0]"
"['adobe analytics', 1, 0, 0]"
"['scipy', 1, 30, 30.0]"
"['memsql', 1, 0, 0]"
"['six sigma', 1, 0, 0]"
"['autoencoder', 1, 0, 0]"
"['apache storm', 2, 0, 0]"
"['database .', 1, 0, 0]"
"['user interface design', 1, 0, 0]"
"['interface design', 1, 0, 0]"
"['user interface', 1, 0, 0]"
"['essbase', 1, 0, 0]"
"['jsf', 1, 0, 0]"
"['laravel', 1, 0, 0]"
"['subversion', 1, 1, 1.0]"
"['statsmodel', 1, 0, 0]"
"['system administration', 1, 0, 0]"
"['window', 1, 2, 2.0]"
"['communication protocol', 1, 0, 0]"
"['analysis', 1, 647, 647.0]"
"['linear algebra', 1, 0, 0]"
"['calculus', 1, 12, 12.0]"
"['api and web app deployment', 1, 0, 0]"
"['h20 driverless ai', 1, 0, 0]"
"['supply chain', 1, 0, 0]"
"['derivative', 1, 0, 0]"
"['• experience in machine learning , datamining with large datasets of structured and unstructured data , data acquisition , data validation , predictive modelling , data visualization . • experience in cod sql/pl sql use procedure , trigger , and package .', 1, 0, 0]"
"['@ risk', 1, 0, 0]"
"['visio , mssql , mysql , tableau , bokeh , python , microsoft office , mpp , ssis , ssrs , agile methodology', 1, 0, 0]"
"['ccna', 1, 0, 0]"
"['network analysis', 1, 0, 0]"
"['blob', 1, 1, 1.0]"
"['design of experiment', 1, 0, 0]"
"['analytical programming', 1, 0, 0]"
"['er studio', 1, 0, 0]"
